Key,Thai
Account,บัญชี
Account settings,การตั้งค่าบัญชี
Activity log,บันทึกกิจกรรม
Add,เพิ่ม
Add connection,เพิ่มการเชื่อมต่อ
Add dictionary,เพิ่มพจนานุกรม
Add document type,เพิ่มประเภทเอกสาร
Add file,เพิ่มไฟล์
Add language,เพิ่มภาษา
Add link,เพิ่มลิงค์
Add page,เพิ่มหน้า
Add template,เพิ่มเทมเพลต
Add thesaurus,เพิ่มกลุ่มคำอธิบาย
Add to all languages,เพิ่มเข้าไปในทุกภาษา
Add user,เพิ่มผู้ใช้
Add/delete users and assign roles,เพิ่ม / ลบผู้ใช้และกำหนดบทบาทผู้ใช้
Add/edit translations,เพิ่ม / แก้ไขการแปล
Admin,ผู้ดูแลระบบ
Advanced settings,ตั้งค่าขั้นสูง
Allowed Public Templates,อนุญาตให้ใช้เป็นแม่แบบสาธารณะ
Any value,ค่าใดก็ได้
Apply properties to documents/entities,ใช้คุณสมบัตินี้กับเอกสาร หรือ รายการที่ระบุ
Attachments,สิ่งที่แนบมา
Back,ย้อนกลับ
Cancel,ยกเลิก
Change password,เปลี่ยนรหัสผ่าน
check as private instance,ตรวจสอบค่าความเป็นส่วนตัว
Close session,ปิดเซสชั่น
Collection,คอลเล็คชั่น
Collection settings,การตั้งค่าคอลเล็คชั่น
Configure filters,กำหนดค่าตัวกรอง
Confirm,ยืนยัน
Confirm delete document type message,ยืนยันการลบข้อความประเภทเอกสาร
Confirm delete document type title,ยืนยันการลบชื่อประเภทเอกสาร
Confirm delete multiple items,ยืนยันลบหลายรายการ
Confirm new password,ยืนยันรหัสผ่านใหม่
Connection type,ประเภทการเชื่อมต่อ
Connections,การเชื่อมต่อ
connections,การเชื่อมต่อ
Create a table of contents,สร้างสารบัญ
Create connections and references,สร้างการเชื่อมต่อและการอ้างอิง
Create dictionaries,สร้างพจนานุกรม
Create document and entity types,สร้างประเภทเอกสารและรายการ
Create group,สร้างกลุ่ม
Custom CSS,CSS ที่กำหนดเอง
Custom page,หน้ากำหนดเอง
Customisation,การปรับแต่ง
Date added,เพิ่ม ณ วันที่
Date format,รูปแบบวันที่
Delete,ลบ
Delete documents and entities,ลบเอกสารและรายการ
Delete language,ลบภาษา
Dictionaries,พจนานุกรม
Discard changes,ยกเลิกการเปลี่ยนแปลง
Document and entity types,ประเภทเอกสารและรายการ
Document types,ประเภทเอกสาร
Documents,เอกสาร
documents,เอกสาร
Downloads,ดาวน์โหลด
Duplicated name,ชื่อที่ซ้ำกัน
Edit,แก้ไข
Editor,บรรณาธิการ
Email,อีเมล
Email address,ที่อยู่อีเมล
Email updated,อัปเดตอีเมล
Entities,รายการ
Filename label,ลาเบลชื่อไฟล์
Filters,ตัวกรอง
Filters AND operator,ตัวกรอง ประเภท และ
Filters configuration,การกำหนดค่าตัวกรอง
Filters OR operator,ตัวกรอง ประเภท หรือ
Flag,แฟล็ก
Forgot Password?,ลืมรหัสผ่าน?
Google Analytics ID,ไอดี Google Analytics
hubs,ฮับ
Icon,ไอคอน
in,ใน
Info,ข้อมูล
Invalid form,แบบฟอร์มไม่ถูกต้อง
"Label date ""From""","ลาเบลวันที่ ""ตั้งแต่"""
"Label date ""to""","ลาเบลวันที่ ""ถึง"""
Landing page,หน้าแลนดิ้งเพจ
Language,ภาษา
Least recently,ปริมาณน้อยที่สุดในอดีต
Library,ไลบรารี่
List view,มุมมองรายการ
Login,เข้าสู่ระบบ
Login button,กดเพื่อเข้าสู่ระบบ
Login failed,การเข้าสู่ระบบล้มเหลว
Logout,ออกจากระบบ
Mailer configuration,การกำหนดค่าการส่งเมล
Manage site settings and configuration,จัดการการตั้งค่าไซต์และการกำหนดค่า
Map view,มุมมองแผนที่
MapTiler key,Maptiler Key
Maximum,มากที่สุด
Menu,เมนู
Metadata,เมทาดาทา
Minimum,ขั้นต่ำ
My Files,ไฟล์ของฉัน
Name,ชื่อ
Name connections,ชื่อการเชื่อมต่อ
New entity,รายการใหม่
New password,รหัสผ่านใหม่
No,เลขที่
No common filters,ไม่มีฟิลเตอร์สามัญ
No Connections,ไม่มีการเชื่อมต่อ
No Connections description,ไม่มีคำอธิบายการเชื่อมต่อ
No Label,ไม่มีลาเบล
No options found,ไม่พบตัวเลือก
No property,ไม่เจอพร๊อพเพอร์ตี้
No References,ไม่มีการอ้างอิง
No References description,ไม่มีคำอธิบายการอ้างอิง
No Relationships,ไม่มีความสัมพันธ์
No Relationships description,ไม่มีคำอธิบายความสัมพันธ์
No Table of Contents,ไม่มีสารบัญ
No Table of Contents description,ไม่มีคำอธิบายสารบัญ
No text match,ไม่มีการจับคู่ข้อความ
No text match description,ไม่มีคำอธิบายการจับคู่ข้อความ
No type,ไม่มีประเภท
No value,ไม่มีค่า
of,ของ
Order,คำสั่ง
Other,อื่น
Pages,หน้า
Password,รหัสผ่าน
Password Error,รหัสผ่านผิดพลาด
Password updated,รหัสผ่านอัปเดตแล้ว
Private documents,เอกสารส่วนตัว
Private instance,อินสแตนซ์ส่วนตัว
Public documents,เอกสารสาธารณะ
Publish,เผยแพร่
Recently,ล่าสุด
References,การอ้างอิง
Relationship,ความสัมพันธ์
Relationship types,ประเภทความสัมพันธ์
Relationships,ความสัมพันธ์
RelationType saved,บันทึกประเภทความสัมพันธ์
Relevance,ความเกี่ยวข้อง
Reset,รีเซ็ต
Role,บทบาท
Save,บันทึก
Search,ค้นหา
Search connections,ค้นหาการเชื่อมต่อ
Search item,ค้นหารายการ
Search related entities or documents,ค้นหารายการหรือเอกสารที่เกี่ยวข้อง
Search relevance,ความเกี่ยวข้องของการค้นหา
Search text,ข้อความค้นหา
Search text description,คำอธิบายข้อความค้นหา
Search Tips: boolean,เคล็ดลับการค้นหา: บูลีน
Search Tips: exact term,เคล็ดลับการค้นหา: คำที่ตรงตัว
Search Tips: one char wildcard,เคล็ดลับการค้นหา: ตัวอักษรพิเศษ
Search Tips: proximity,เคล็ดลับการค้นหา: คำใกล้เคียง
Search Tips: wildcard,เคล็ดลับการค้นหา: ไวลการ์ด
Select list,เลือกรายการ
selected,เลือกแล้ว
Send recovery email,ส่งอีเมลการกู้คืน
Separator,ตัวแยก
Settings,การตั้งค่า
Settings updated,การตั้งค่าถูกอัปเดตแล้ว
Show more,แสดงมากขึ้น
Sign in,เข้าสู่ระบบ
Size,ขนาด
Sort by,เรียงลำดับ
sorted by,เรียงลำดับโดย
Table of Contents,สารบัญ
Templates,แม่แบบ
Text,ข้อความ
Thesauri,thesauri
Thesaurus saved,กลุ่มคำอธิบายที่บันทึกแล้ว
This action will unselect all the entities.,การกระทำนี้จะยกเลิกการเลือกรายการทั้งหมด
Title,ชื่อหัวข้อ
Tools,เครื่องมือ
Translate,แปลภาษา
Translations,การแปล
Translations saved,บันทึกการแปล
Type,ประเภท
Update,แก้ไขเมื่อ
Upload documents and create entities,อัปโหลดเอกสารและสร้างรายการ
Uploading,การอัพโหลด
Uploads,อัปโหลด
User,ผู้ใช้
Username,ชื่อผู้ใช้
Users,ผู้ใช้
View,ดู
View in library,ดูในไลบรารี
x less,ลดขนาดลง
x more,เพิ่มขนาดขึ้น
% of sentences above threshold,เปอร์เซ็นต์ของประโยคที่เกินเกณฑ์มาตรฐาน
(please keep this key secret and don't share it):,โปรดเก็บรหัสลับนี้และอย่าเปิดเผยให้ผู้อื่นรู้
(view page),(ดูหน้า)
(+) click to select multiple cards,(+) คลิกเพื่อเลือกการ์ดหลายใบ
- Entity:,รายการ
- Library search:,ค้นหาไลบรารี
- Site page:,- หน้าเว็บไซต์:
1. Right-click an image or video on the web and copy the image's URL. Altenatively websites offers share button whereyou can get URL.,คลิกขวาที่รูปภาพหรือวีดีโอบนเว็บและคัดลอก URL ของรูปภาพและเว็บไซต์ นักจากนี้เว็บไซต์ยังมีปุ่มแชร์ เมื่อคุณกดปุ่มนี้คุณจะได้ URL
2. Return here and paste the URL in this field (Ctrl+V or Command+V),เมื่อได้ URL แล้วให้เอา URL มาใส่ในช่องนี้ (กด CTRL + V หรือ Command + V)
A generated ID will be the default title.,ID ที่สร้างขึ้นจะเป็นชื่อเริ่มต้น
Accept,ตกลง
Action,เริ่มทำ
Activate this feature for enhanced account security,เปิดใช้งานคุณสมบัตินี้เพื่อความปลอดภัยของบัญชีขั้นสูง
Active Languages,ภาษาที่ใช้งาน
Add / remove favorite,เพิ่ม / ลบรายการโปรด
Add date,เพิ่มวันที่
Add entities / documents,เพิ่มรายการ / เอกสาร
Add from url,เพิ่มจาก URL
Add from web,เพิ่มจากเว็บ
Add group,เพิ่มกลุ่ม
Add people or groups,เพิ่มผู้คนหรือกลุ่ม
Add resource,เพิ่มทรัพยากร
Add supporting file,เพิ่มไฟล์สนับสนุน
Add to table of contents,เพิ่มลงในสารบัญ
Add users,เพิ่มผู้ใช้
Adjacent geolocation properties will render on the same map,คุณสมบัติของตำแหน่งทางภูมิศาสตร์ที่อยู่ติดกันจะแสดงบนแผนที่เดียวกัน
Administrators and Editors,ผู้ดูแลระบบและผู้แก้ไขข้อมูล
"All changes will be lost, are you sure you want to proceed?",การเปลี่ยนแปลงทั้งหมดจะหายไปคุณแน่ใจหรือว่าต้องการดำเนินการต่อ?
All entities and documents that have already this property assigned will loose its current value,รายการและเอกสารทั้งหมดที่ถูกกำหนดคุณสมบัติจะสูญเสียค่าปัจจุบัน
"Always use URLs relative to your site, starting with / and skipping the domain name. Example:",ใช้ URL ที่มาจากเว็บไซต์ของคุณเสมอโดยเริ่มต้นด้วย / และไม่ต้องใส่ชื่อโดเมน ตัวอย่าง:
An error has occured during data export,เกิดข้อผิดพลาดระหว่างการส่งออกข้อมูล
Analytics description,คำอธิบายการวิเคราะห์
Anyone will be able to see them,เปิดการมองเห็นสาธารณะ
Authentication code,รหัสผ่าน
Auto-save,บันทึกอัตโนมัติ
Automatic Table of Contents,สารบัญอัตโนมัติ
Automatically generated,สร้างขึ้นโดยอัตโนมัติ
Available Languages,ภาษาที่ใช้ได้
Back to,กลับไปยัง
Back to search,กลับไปที่การค้นหา
Back to thesauri,กลับไปที่กลุ่มคำอธิบาย
Back to thesaurus,กลับไปที่กลุ่มคำอธิบาย
Body,เนื้อหา
Browse files to upload,เรียกดูไฟล์ที่จะอัปโหลด
Browse your PDFs to upload,เรียกดู PDF ของคุณเพื่ออัปโหลด
Can edit,แก้ไขได้
Can see,มองเห็นได้
Can view,มองเห็นได้
Cannot use 'any entity or document' if another relationship of the same type is already with a specific entity.,ไม่สามารถใช้ 'รายการหรือเอกสารใดๆ' ในกรณีที่ประเภทความสัมพันธ์เดียวกันได้ถูกกำหนดไปยังรายการแล้ว
Captcha,captcha
Cards,บัตร
Cards View,มุมมองการ์ด
Caution: the selected entities will be,คำเตือน: รายการที่ถูกเลือกคือ
Change will take effect after saving the template,การเปลี่ยนแปลงจะมีผลหลังจากบันทึกเทมเพลต
Changing the type will erase all connections to this entity.,การเปลี่ยนประเภทจะลบความสัมพันธ์ทั้งหมดของรายการนี้
Character support description,คำอธิบาย ตัวอักษรที่สามารถใช้ได้
Character support process warning,คำเตือน การเปลี่ยนตัวอักษรที่สามารถใช้ได้
Character support revert warning,คำเตือน การยกเลิกตัวอักษรที่สามารถใช้ได้
Check to make this instance private (only logged-in users can access the data),กดเลือกเพื่อทำให้รายการนี้ถูกตั้งค่าความเป็นส่วนตัว (เฉพาะผู้ใช้ที่เข้าสู่ระบบแล้วถึงจะสามารถเข้าถึงข้อมูลได้)
Clear Filters,ล้างตัวกรอง
Clear coordinates,ลบจุดพิกัด
Click here,คลิกที่นี่
Click to fill,คลิกเพื่อใส่ค่า
Close,ปิด
Collaborator,ผู้ประสานงาน
Configure suggestions,คำแนะนำการตั้งค่า
Configure the default landing page for your site.,เปลี่ยนหน้าแลนดิ้งเพจสำหรับเว็บไซต์ของคุณ
Confirm deletion,ยืนยันการลบ
Confirm publish multiple items,ยืนยันเผยแพร่หลายรายการ
Congratulations!,ยินดีด้วย!
Connect to a document,เชื่อมต่อเอกสาร
Connect to a paragraph,เชื่อมต่อย่อหน้า
Conversion failed,การแปลงล้มเหลว
Copy From,คัดลอกจาก
Copy Highlighted,คัดลอกสิ่งที่ถูกเน้นสี
Copy link,คัดลอกลิงค์
Copy properties to this entity from,คัดลอกคุณสมบัติไปยังรายการนี้ จาก
Create,สร้าง
Create Entity,สร้างรายการ
Currently connections only need a title.,การเชื่อมต่อจำเป็นต้องกำหนดหัวข้อเรื่อง
Custom Uploads,อัปโหลดแบบกำหนดค่าเอง
Custom component error,เกิดข้อผิดพลาดในส่วนประกอบที่สร้างเอง
Custom styles,สไตล์ที่สร้างเอง
Data imported,ข้อมูลที่ถูกอิมพอร์ท
Date modified,แก้ไข ณ วันที่
Day,วัน
Default language,ภาษาเริ่มต้น
Default language change success,เปลี่ยนภาษาเริ่มต้น สำเร็จ
Default language description,คำอธิบายเกี่ยวกับภาษาเริ่มต้น
Default template,เทมเพลตเริ่มต้น
Delete Group,ลบกลุ่ม
Delete Property,ลบคุณสมบัติ
Delete User,ลบผู้ใช้
Description,คำอธิบาย
Discard,ทิ้ง
Display entity view from page,แสดงมุมมองรายการจากหน้า
Document,เอกสาร
Document Title,ชื่อเอกสาร
Document contents,เนื้อหาของเอกสาร
Documentation,เอกสาร
Documents for custom filter,เอกสารสำหรับตัวกรองที่กำหนดค่าเอง
Documents including suggestion:,เอกสารที่รวมข้อเสนอแนะ
Documents to be reviewed,เอกสารที่จะต้องตรวจสอบ
Download,ดาวน์โหลด
Drag and drop file in this window to upload,นำไฟล์มาวางในหน้าต่างนี้เพื่ออัปโหลด
Drag items here,นำรายการมาวางที่นี่
Drag properties here,นำคุณสมบัติมาวางที่นี่
Drop your files here to upload or,นำไฟล์มาวางที่นี่เพื่ออัปโหลด หรือ
Duplicated email,อีเมลที่ซ้ำกัน
Duplicated label,ชื่อที่ซ้ำกัน
Duplicated username,ชื่อผู้ใช้ที่ซ้ำกัน
Edit all documents matching this criteria,แก้ไขเอกสารทั้งหมดที่ตรงตามเกณฑ์นี้
Email is required,จำเป็นต้องใช้อีเมล
Enable this page to be used as an entity view page:,เปิดหน้านี้เพื่อใช้เป็นหน้ามุมมองรายการ
Enter the 6-digit verification code generated by your Authenticator app:,ป้อนรหัสการยืนยันตัวตน 6 หลักที่สร้างขึ้นโดยแอป Authenticator ของคุณ
"Entities can be displayed in a custom page. For that, a custom page needs to be created in Pages, and then selected here.",รายการสามารถถูกแสดงในหน้าที่สร้างเอง ในกรณีนี้ จะต้องสร้างหน้าขึ้นมาเองในเพจและเลือกที่นี่
Entity,รายการ
Entity types,ประเภทรายการ
Error,ข้อผิดพลาด
Examples,ตัวอย่าง
Exploration,ค้นหา
Export CSV,โหลดเป็น CSV
Exporting entities to CSV,โหลดรายการเป็น CSV
Extract information from your documents,ดึงข้อมูลออกมาจากเอกสารของคุณ
Favicon is an icon that appears in the browser tab and bookmarks.,Favicon เป็นไอคอนที่ปรากฏในแท็บเบราว์เซอร์และบุ๊กมาร์ก
File,ไฟล์
Fill,ใส่ค่า
Filters configuration description,คำอธิบายการกำหนดค่าตัวกรอง
Filters configuration example,ตัวอย่างการกำหนดค่าตัวกรอง
Find,หา
Fine tune,ปรับแต่ง
Fit,พอดี
"For better performance, upload your documents in batches of 50 or less.",เพื่อประสิทธิภาพที่ดีขึ้น กรุณาอัปโหลดเอกสาร ไม่เกินครั้งละ 50 ฉบับ
"For better performance, upload your files in batches of 50 or less.",เพื่อประสิทธิภาพที่ดีขึ้น กรุณาอัปโหลดไฟล์ ไม่เกินครั้งละ 50 ไฟล์
Forms and email configuration,การตั้งค่าแบบฟอร์มและอีเมล
Full edit mode,โหมดการแก้ไขแบบสมบูรณ์
General,ข้อมูลทั่วไป
Global CSS,CSS ทั้งหมด
Groups,กลุ่ม
Here you can set up the contact email and the email that appears when Uwazi sends a notification to a user,คุณสามารถตั้งค่าอีเมลผู้ติดต่อและอีเมลที่จะถูกแสดงเมื่อ Uwazi ส่งการแจ้งเตือนไปยังผู้ใช้ได้ที่นี่
Hold shift to rotate the map,กดปุ่ม shift เพื่อหมุนแผนที่
"If it is an external URL, use a fully formed URL. Ie. http://www.uwazi.io.",หากเป็น URL จากภายนอก กรุณาใช้ URL แบบเต็มเช่น http://www.uwazi.io
"If it is an internal URL within this website, be sure to delete the first part",หากเป็น URL ภายใน กรุณาลบ URL ส่วนแรก
"If you have added a contact form on one of your pages, this is the email address that receives the information from that form.",หากคุณได้เพิ่มแบบฟอร์มการติดต่อบนหน้าของคุณ ข้อมูลจะถูกส่งมายังอีเมลนี้
"If you want to continue, please type",ถ้าคุณต้องการดำเนินการต่อ กรุณาพิมพ์
Import,นำเข้า
Import CSV,นำเข้า CSV
Import completed:,นำเข้าเสร็จสมบูรณ์:
Import instructions,คำแนะนำการนำเข้าข้อมูล
Importing data in progress,การนำเข้าข้อมูลที่กำลังดำเนินอยู่
Improve the quality of this topic's suggestions by finding more sample documents with this label.,พัฒนาคุณภาพของคำแนะนำหัวข้อนี้โดยค้นหาตัวอย่างเอกสารประเภทเดียวกัน
Indexing entities may take a few minutes,การจัดทำดัชนีรายการอาจใช้เวลาสักครู่
Inherit property,ก็อปปี้คุณสมบัตินี้
Install the Google Authenticator app on your mobile device,กรุณาติดตั้งแอป Google Authenticator บนอุปกรณ์มือถือของคุณ
Instructions to reset user password have been sent,เราได้ส่งคำแนะนำเกี่ยวกับการรีเซ็ตรหัสผ่านให้แล้ว
Invalid captcha,captcha ไม่ถูกต้อง
Invalid email,อีเมลไม่ถูกต้อง
Is the suggestion incorrect? Click on 'Reject' and Uwazi will improve on the suggestions it makes,ข้อเสนอแนะไม่ถูกต้องใช่ไหม? กดปุ่ม 'ปฏิเสธ' และ Uwazi จะทำการปรับปรุงคำเสนอแนะต่อไป
It could also very easily break the app. Only write code here if you know exactly what you are doing.,มันอาจจะทำให้แอปใช้ไม่ได้ เขียนโค้ดที่นี่ในกรณีที่คุณเข้าใจสิ่งที่คุณทำเท่านั้น
Items:,รายการ:
Label,ประเภท
Label more documents,กำหนดประเภทเอกสารเพิ่มเติม
Label your collection note,กำหนดประเภทการจัดกลุ่มของคุณ
Language deleted,ลบภาษาแล้ว
Languages,ภาษา
Latitude,พิกัดละติจูด
Learn more,เรียนรู้เพิ่มเติม
Learning...,กำลังประมวลผล
Legend,กลุ่ม
Longitude,พิกัดลองจิจูด
ML TOC,ML TOC
Map,แผนที่
Maps,แผนที่
Mark as Reviewed,ได้ตรวจสอบแล้ว
Markdown,การทำเครื่องหมาย
Members,สมาชิก
Message,ข้อความ
Metadata Extraction,ค้นหาเมตาดาต้า
Metadata creator,ผู้สร้างเมตาดาต้า
Metadata extraction dashboard,แดชบอร์ดสำหรับค้นหาเมตาดาต้า
Metadata to extract,เมตาดาต้าที่จะนำออกมา
Mixed access,การเข้าถึงแบบผสม
Month,เดือน
Multimedia fill description,คำอธิบายการเติมข้อมูลมัลติมีเดีย
Multimedia fit description,คำอธิบายการเติมข้อมูลมัลติมีเดีย
Multiple relationships edit description,คำอธิบายการแก้ไขความสัมพันธ์ที่หลากหลาย
Name is required,จำเป็นต้องใส่ชื่อ
Name is too long,ชื่อยาวเกินไป
Name is too short,ชื่อสั้นเกินไป
Name of the group,ชื่อของกลุ่ม
Narrow down your searches,จำกัด การค้นหาของคุณให้แคบลง
Narrow your search,จำกัด การค้นหาของคุณ
New language added,ภาษาใหม่ถูกเพิ่มแล้ว
New relationships group,กลุ่มความสัมพันธ์ใหม่
Newest,ใหม่ล่าสุด
Next,ต่อไป
No Documents found,ไม่พบเอกสาร
No Table of Contents,ไม่พบสารบัญ
No attachments,ไม่พบสิ่งที่แนบมา
No icon / flag,ไม่พบ ไอค่อน / สิ่งที่ถูกคั่นหน้า
No relationship types warning,ไม่พบคำเตือนเกี่ยวกับประเภทความสัมพันธ์
Normal view,มุมมองปกติ
Nothing to see here! The selected documents are not using the selected thesaurus,ไม่พบข้อมูล! เอกสารที่ถูกเลือกไม่ได้ใช้คำอธิบายกลุ่มคำ
Number of sentences above threshold,จำนวนประโยคเกินเกณฑ์ที่กำหนด
Ok,ตกลง
Oldest,เก่าที่สุด
Only allowed users will be able to see them,ผู้ใช้ที่ได้รับอนุญาตเท่านั้นถึงจะเห็นข้อมูลนี้
Ooops... please go,กรุณาดำเนินการต่อ
Oops! We couldn't find the thesaurus you're trying to edit. Try navigating back to this page through Settings.,เราไม่พบคำอธิบายกลุ่มคำที่คุณต้องการแก้ไข กรุณากลับมาที่หน้านี้ใหม่โดยเลือกการตั้งค่า
"Open the app and select ""Add Account"" (usually a plus symbol)","กรุณาเปิดแอปแล้วเลือก ""เพิ่มบัญชี"" (หรือกดที่เครื่องหมายบวก)"
Open the two-factor Authenticator app on your device,กรุณาเปิดแอป Authenticator สำหรับยืนยันรหัสสองทาง บนอุปกรณ์ของคุณ
Or enter this secret key into your Authenticator app,หรือใส่รหัสลับนี้บน แอป Authenticator ของคุณ
PRIMARY DOCUMENTS,เอกสารหลัก
Page,หน้า
Page Javascript,หน้าจาวาสคริปต์
Password is too long,รหัสผ่านยาวเกินไป
Passwords don’t match,รหัสผ่านไม่ตรงกัน
Permission,สิทธิการเข้าถึง
Permission on entities explicitly shared with the user,สิทธิการเข้าถึงบนรายการถูกแชร์ให้ผู้ใช้แล้ว
Permissions,สิทธิการเข้าถึง
Plain text,ข้อความธรรมดา
Please contact an admin for details.,กรุณาติดต่อผู้ดูแลระบบเพื่อดูรายละเอียดเพิ่มเติม
Please type in letters and numbers from the image to start the export.,กรุณาพิมพ์ตัวอักษรและตัวเลขจากภาพเพื่อเริ่มการส่งออก
Precision,ความแม่นยำ
Press enter to add,กด Enter เพื่อเพิ่ม
Preview,ดูตัวอย่าง
Previous,ก่อนหน้า
Priority sorting,เรียงลำดับตามลำดับความสำคัญ
Priority sorting description,คำอธิบายเกี่ยวกับการเรียงลำดับตามลำดับความสำคัญ
ProTip!,โปรทิป!
Processing,กำลังประมวลผล
Properties,คุณสมบัติ
Properties from other templates in the collection using the same label,คุณสมบัติจากเทมเพลตอื่นๆในคอลเลกชันที่อยู่ในประเภทเดียวกัน
Property as default filter description,คำอธิบายคุณสมบัติเกี่ยวกับตัวกรองเริ่มต้น
Property as filter description,คำอธิบายคุณสมบัติเกี่ยวกับตัวกรอง
Property delete warning,คำเตือนเกี่ยวกับการลบคุณสมบัติ
Protect your account,ปกป้องบัญชีของคุณ
Protection,การป้องกัน
Public form URL description,คำอธิบายเกี่ยวกับ URL สำหรับแบบฟอร์มสาธารณะ
Public form settings description,คำอธิบายเกี่ยวกับการตั้งค่าแบบฟอร์มสาธารณะ
Public form whitelist description,คำอธิบายเกี่ยวกับลิสต์ที่ถูกอนุญาติสำหรับแบบฟอร์มสาธารณะ
Published,ตีพิมพ์แล้ว
Query,สืบค้น
Quick labeling for,จัดประเภททันที
Reject,ปฏิเสธ
Remove,ลบ
Rename,เปลี่ยนชื่อ
Repeat Password,ใส่รหัสผ่านอีกครั้ง
Request id #,ขอรหัส #
Required property,คุณสมบัติที่จำเป็น
Reset 2FA,สร้าง 2FA ใหม่
Reset Password,สร้าง รหัสผ่าน ใหม่
Restricted,ถูก จำกัด
Return to login,กลับไปที่การเข้าสู่ระบบ
Return to the thesaurus page when you finished labeling to start learning.,กลับไปที่หน้าคำอธิบายกลุ่มคำเมื่อคุณแยกประเภทเสร็จสิ้นเพื่อเริ่มการเรียนรู้
Review unpublished document,ตรวจสอบเอกสารที่ยังไม่ได้เริ่มเผยแพร่
Reviewed,ตรวจสอบแล้ว
Route,เส้นทาง
Sample,ตัวอย่าง
Save User,บันทึกผู้ใช้
Save and go to next,บันทึกและดำเนินการต่อ
Save changes,บันทึกการเปลี่ยนแปลง
Save document,บันทึกเอกสาร
Save document(s),บันทึกเอกสาร
Save password,บันทึกรหัสผ่าน
"Scan the following QR code selecting the ""scan barcode"" option:","สแกนรหัส QR และเลือก ""สแกนบาร์โค้ด"""
Search not found,ไม่พบการค้นหา
Search tips,เคล็ดลับการค้นหา
Select all,เลือกทั้งหมด
Select files on your device,เลือกไฟล์บนอุปกรณ์ของคุณ
Select from files,เลือกจากไฟล์
Select relationship type,เลือกประเภทความสัมพันธ์
Select supporting file,เลือกไฟล์สนับสนุน
Select target paragraph,เลือกย่อหน้าที่ต้องการ
Select...,เลือก...
Semantic Search,ค้นหาความหมาย
Semantic search minimum sentences help,ความช่วยเหลือเกี่ยวกับ การค้นหาความหมายของประโยคขั้นต่ำ
Semantic search overview,ภาพรวมเกี่ยวกับการค้นหาความหมาย
Semantic search results,ผลการค้นหาความหมาย
Semantic search threshold help,ความช่วยเหลือเกี่ยวกับเกณฑ์การค้นหาความหมาย
Send,ส่ง
Sentences above threshold,ประโยคที่เกินเกณฑ์ที่กำหนด
Set as default,ตั้งเป็นค่าเริ่มต้น
Set the default starting point for your geolocation properties.,ตั้งค่าจุดเริ่มต้นอัตโนมัติสำหรับคุณสมบัติทางภูมิศาสตร์ของคุณ
Share,แบ่งปัน
Share with people and groups,แบ่งปันกับผู้คนและกลุ่ม
Shared as editor,แบ่งปันสิทธิ์การแก้ไข
Shared as viewer,แบ่งปันสิทธิ์การมอง
Show Suggestions,แสดงคำแนะนำ
Show cookie policy,แสดงนโยบายคุกกี้
Show filters,แสดงตัวกรอง
Some adavanced search features may not be available for this language.,คุณสมบัติการค้นหาขั้นสูงบางอย่างอาจไม่สามารถใช้ได้กับภาษานี้
Something went wrong,มีสิ่งผิดปกติเกิดขึ้น
Sort,เรียงลำดับ
Strict mode,โหมดแบบจำกัด
Style,สไตล์
Submit,ส่ง
Submiting,กำลังส่ง
Suggested labels description,คำแนะนำเกี่ยวกับความหมายของการจัดประเภท
Suggestions,คำแนะนำ
Supporting files,รองรับไฟล์
Table,ตาราง
Table of Contents,สารบัญ
Table view,มุมมองตาราง
Template,แม่แบบ
Text references limit warning,คำเตือน การอ้างอิงบทความเกินเกณฑ์ที่กำหนด
The combination of entity types doesn't have any filters in common.,รายการที่ถูกเลือกทั้งหมดไม่มีตัวกรองที่สามารถใช้ร่วมกันได้
The current model was trained at,แม่แบบปัจจุบันได้ถูกเรียนรู้เมื่อ
"The first step is to label a sample of your documents, so Uwazi can learn which topics to suggest when helping you label your collection.","ขั้นตอนแรกที่จะต้องทำคือการเลือกประเภทให้กับตัวอย่างเอกสารของคุณ 
Uwazi จะทำการเรียนรู้เพื่อช่วยเสนอแนะในขณะที่ช่วยเลือกประเภทหมวดหมู่
เอกสารให้คุณ"
The import process threw an error:,กระบวนการนำเข้าเกิดความผิดพลาด
The template contains errors,มีข้อผิดพลาดที่แม่แบบ
There are no pages enabled for entity view,ไม่มีหน้าที่ถูกตั้งค่าสำหรับมุมมองรายการ
"There is an unexpected error on this custom page, it may not work properly. Please contact an admin for details.","มีข้อผิดพลาดเกิดขึ้นในหน้าที่สร้างใหม่ ระบบอาจทำงานไม่ถูกต้อง กรุณาติด
ต่อผู้ดูแลระบบเพื่อขอรายละเอียดเพิ่มเติม"
This area allows you to append custom Javascript to the page. This opens up a new universe of possibilities.,พื้นที่นี้อนุญาตให้คุณใส่โค้ดจาว่าสคริปได้ มันจะช่วยให้คุณสามารถค้นพบความเป็นไปได้ใหม่ๆ
This content is automatically generated,เนื้อหานี้ถูกสร้างขึ้นโดยอัตโนมัติ
"This entity has no document, you probably want to see the metadata",รายการนี้ไม่มีเอกสาร คุณอาจจะอยากดูข้อมูลเมตาดาตาเพิ่มเติม
This entity is not public.,รายการนี้ไม่ได้เปิดการเข้าถึงแบบสาธารณะ
This entity is restricted from public view.,รายการนี้ถูกจำกัดการเข้าถึงแบบสาธารณะ
This option will show a notification about the use of cookies in your instance.,ตัวเลือกนี้จะแสดงการแจ้งเตือนเกี่ยวกับการใช้คุ้กกี้ในระบบของคุณ
This property will appear in the library cards as part of the basic info.,คุณสมบัตินี้จะถูกแสดงในการ์ดไลบรารีและเป็นส่วนหนึ่งของข้อมูลพื้นฐาน
This property will be inherited from the related entities and shown as metadata of this type of entities.,คุณสมบัตินี้จะถูกโอนย้ายมาจากรายการที่เกี่ยวข้องและจะถูกแสดงเป็นเมตาดาต้าสำหรับประเภทรายการนี้
This property will be shown using all the width available.,คุณสมบัตินี้จะถูกแสดงโดยใช้พื้นที่ทั้งหมดที่มีอยู่
This property will be shown without the label.,คุณสมบัตินี้จะถูกแสดงโดยไม่มีการจำแนกประเภท
This template will be used as default for new entities.,แม่แบบนี้จะถูกตั้งเป็นค่าเริ่มต้นสำหรับรายการใหม่
Threshold,เกณฑ์
Time,เวลา
"To bring you a better experience, this site uses cookies.",เพื่อประสบการณ์ที่ดีของคุณ เว็บไซต์ของเราจะทำการเก็บคุกกี้
"To complete the account creation process, please create a password for your account",เพื่อให้การสร้างบัญชีเสร็จสมบูรณ์กรุณาสร้างรหัสผ่านสำหรับบัญชีของคุณ
To get resource from web:,ในการที่จะรับข้อมูลจากเว็บ
Train model,การสอนโมเดล
Try selecting other documents.,ลองเลือกเอกสารอื่น ๆ
Two-factor verification failed,การตรวจสอบสองขั้นตอนล้มเหลว
Two-step verification,การตรวจสอบสองขั้นตอน
URL,url
Upload PDF,นำเข้า PDF
Upload PDF(s) to create,นำเข้า PDF เพื่อสร้าง
Upload a ZIP or CSV file.,นำเข้าไฟล์ zip หรือ csv
Upload and select file,นำเข้าและเลือกไฟล์
Upload from computer,นำเข้าจากคอมพิวเตอร์
Uploading ...,นำเข้า...
Uploading file,นำเข้าไฟล์
Use,ใช้
Username is required,จำเป็นต้องใส่ชื่อผู้ใช้
Username is too long,ชื่อผู้ใช้ยาวเกินไป
Username is too short,ชื่อผู้ใช้สั้นเกินไป
Using Google Authenticator,ใช้ Google Authenticator
Uwazi UI,uwazi ui
Uwazi is developed by,Uwazi ได้รับการพัฒนาโดย
"Uwazi is learning using the labelled documents. This may take up to 2 hours, and once completed you can review suggestions made by Uwazi for your collection.","Uwazi กำลังเรียนรู้โดยใช้เอกสารที่ถูกจำแนกประเภท 
มันอาจจะใช้เวลาไม่เกิน 2 ชั่วโมง และเมื่อเสร็จสมบูรณ์คุณจะสามารถตรวจสอบ
คำแนะนำของ Uwazi ที่มีให้กับคอลเลกชันของคุณ"
Verify,ตรวจสอบ
Verifying...,กำลังตรวจสอบ....
View suggestions,ดูคำแนะนำ
Warning: you are editing multiple entities. Fields marked with a,คำเตือนซ คุณกำลังแก้ไขหลายรายการ ช่องที่ถูกทำเครื่องหมายด้วย
"We provide a default key, you can set your own MapTiler API key",เราให้รหัสเริ่มต้นคุณสามารถสร้างรหัสสำหรับ MapTiler API ได้ด้วยตัวคุณเอง
We recommend labeling,เราขอแนะนำให้ทำการแยกประเภท
Website analytics,การวิเคราะห์เว็บไซต์
Welcome to Uwazi,ยินดีต้อนรับสู่ Uwazi
"Well, this is awkward...",แย่หน่อยนะ...
With great power comes great responsibility!,พลังที่ยิ่งใหญ่มากับความรับผิดชอบที่ใหญ่ยิ่ง!
Year,ปี
"You can also embed advanced components like maps, charts and entity lists in your page.",นอกจากนี้คุณยังสามารถฝังส่วนประกอบที่ซับซ้อนเช่น แผนที่ แผนภูมิ และลิสต์รายการได้ในหน้าของคุณ
You can also improve the model by providing more labeled documents.,นอกจากนี้คุณยังสามารถพัฒนาโมเดลได้โดยใช้เอกสารที่ถูกจำแนกประเภทในจำนวนที่มากขึ้น
"You can configure the email that will appear as the sender when any email is sent to the user. If this email is not set, “no-reply@uwazi.io” will be used instead.","คุณสามารถตั้งค่าอีเมลที่จะนำมาแสดงเป็นชื่อผู้ส่งเมื่ออีเมลถูกส่งไปยังผู้ใช้ได้ ถ้าอีเมลไม่ถูกตั้งค่า ""no-reply@uwazi.io"" จะถูกใช้เป็นชื่อผู้ส่งแทน"
You can create metadata templates in,คุณสามารถสร้างแม่แบบเมตาดาต้าได้
You have labeled,คุณได้แยกประเภทแล้ว
You have successfully configured two-step verification.,คุณได้ทำการติดตั้งการตรวจสอบสองขั้นตอนเรียบร้อยแล้ว
You should activate this feature for enhanced account security,คุณควรเปิดใช้งานคุณสมบัตินี้เพื่อเพิ่มความปลอกภัยให้กับบัญชีของคุณ
You will need to reload the page after updating your Favicon.,คุณจะไม่สามารถบันทึกรายการได้ถ้าคุณสมบัตินี้ยังไม่ถูกใส่ค่า
You won't be able to save an entity if this property is empty.,คุณจะไม่สามารถบันทึกนิติบุคคลได้หากคุณสมบัตินี้ว่างเปล่า
Your account is protected by 2fa.,บัญชีของคุณได้รับการคุ้มครองโดย 2FA
Zoom in,ขยายเข้า
Zoom in library view,ขยายเข้าไปยังมุมมองไลบรารี
Zoom out,ขยายออก
Zoom out library view,ขยายออกไปยังมุมมองไลบรารี
add icon,เพิ่มไอคอน
affects,ส่งผลกระทบต่อ
auto-created,สร้างขึ้นอัตโนมัติ
created,ถูกสร้างแล้ว
documents before training (30 per topic).,เอกสารก่อนการเรียนรู้ (30 ต่อหัวข้อ)
documents so far.,เอกสารจนถึงขณะนี้
documents.,เอกสาร.
help,ช่วยเหลือ
https://yourdomain,https: // yourdomain
https://yoursite.com/,https://yoursite.com/
landing page description,คำอธิบายหน้า Landing Page
leaving only a relative URL starting with a slash character. Ie. /some_url.,ใช้เฉพาะ URL ด้านท้ายเริ่มต้นด้วยตัวอักษรสแลช เช่น /some_url
library list view,มุมมองรายการไลบรารี
library map view,มุมมองแผนที่ไลบรารี
library table view,มุมมองตารางไลบรารี
linked,เชื่อมโยงแล้ว
low,ต่ำ
more options.,ตัวเลือกเพิ่มเติม
or,หรือ
or drop your files here.,หรือวางไฟล์ของคุณที่นี่
out of,ออกไปจาก
private,ส่วนตัว
public,สาธารณะ
remove icon,ลบไอคอน
selected of,ถูกเลือกโดย
shown of,แสดงโดย
syntax to create page content,ไวยากรณ์เพื่อสร้างเนื้อหาของหน้า
to learn more about the components.,ในกรณีที่ต้องการเรียนรู้เพิ่มเติมเกี่ยวกับส่วนประกอบ
to view your authentication code and verify your identity.,ในกรณีที่ต้องการดูรหัสผ่านและยืนยันตัวตน
will be updated with the same value.,จะถูกอัปเดทด้วยค่าเดียวกัน
with,กับ